Age_Group,Defaulted
Under 30,Defaulted
Under 30,Defaulted
Under 30,Defaulted
Under 30,Defaulted
Under 30,Defaulted
Under 30,Defaulted
Under 30,Defaulted
Under 30,Defaulted
Under 30,Defaulted
Under 30,Defaulted
Under 30,Defaulted
Under 30,Defaulted
Under 30,Defaulted
Under 30,Defaulted
Under 30,Defaulted
Under 30,Defaulted
Under 30,Defaulted
Under 30,Defaulted
Under 30,Defaulted
Under 30,Defaulted
Under 30,Defaulted
Under 30,Defaulted
Under 30,Defaulted
Under 30,Defaulted
Under 30,Defaulted
Under 30,Defaulted
Under 30,Defaulted
Under 30,Defaulted
Under 30,Defaulted
Under 30,Defaulted
Under 30,Not Defaulted
Under 30,Not Defaulted
Under 30,Not Defaulted
Under 30,Not Defaulted
Under 30,Not Defaulted
Under 30,Not Defaulted
Under 30,Not Defaulted
Under 30,Not Defaulted
Under 30,Not Defaulted
Under 30,Not Defaulted
Under 30,Not Defaulted
Under 30,Not Defaulted
Under 30,Not Defaulted
Under 30,Not Defaulted
Under 30,Not Defaulted
Under 30,Not Defaulted
Under 30,Not Defaulted
Under 30,Not Defaulted
Under 30,Not Defaulted
Under 30,Not Defaulted
Under 30,Not Defaulted
Under 30,Not Defaulted
Under 30,Not Defaulted
Under 30,Not Defaulted
Under 30,Not Defaulted
Under 30,Not Defaulted
Under 30,Not Defaulted
Under 30,Not Defaulted
Under 30,Not Defaulted
Under 30,Not Defaulted
Under 30,Not Defaulted
Under 30,Not Defaulted
Under 30,Not Defaulted
Under 30,Not Defaulted
Under 30,Not Defaulted
Under 30,Not Defaulted
Under 30,Not Defaulted
Under 30,Not Defaulted
Under 30,Not Defaulted
Under 30,Not Defaulted
Under 30,Not Defaulted
Under 30,Not Defaulted
Under 30,Not Defaulted
Under 30,Not Defaulted
Under 30,Not Defaulted
Under 30,Not Defaulted
Under 30,Not Defaulted
Under 30,Not Defaulted
Under 30,Not Defaulted
Under 30,Not Defaulted
Under 30,Not Defaulted
Under 30,Not Defaulted
Under 30,Not Defaulted
Under 30,Not Defaulted
Under 30,Not Defaulted
Under 30,Not Defaulted
Under 30,Not Defaulted
Under 30,Not Defaulted
Under 30,Not Defaulted
Under 30,Not Defaulted
Under 30,Not Defaulted
Under 30,Not Defaulted
Under 30,Not Defaulted
Under 30,Not Defaulted
Under 30,Not Defaulted
Under 30,Not Defaulted
Under 30,Not Defaulted
Under 30,Not Defaulted
Under 30,Not Defaulted
Under 30,Not Defaulted
Under 30,Not Defaulted
Under 30,Not Defaulted
Under 30,Not Defaulted
Under 30,Not Defaulted
Under 30,Not Defaulted
Under 30,Not Defaulted
Under 30,Not Defaulted
Under 30,Not Defaulted
Under 30,Not Defaulted
Under 30,Not Defaulted
Under 30,Not Defaulted
Under 30,Not Defaulted
Under 30,Not Defaulted
Under 30,Not Defaulted
Under 30,Not Defaulted
Under 30,Not Defaulted
Under 30,Not Defaulted
Under 30,Not Defaulted
Under 30,Not Defaulted
Under 30,Not Defaulted
Under 30,Not Defaulted
Under 30,Not Defaulted
Under 30,Not Defaulted
Under 30,Not Defaulted
Under 30,Not Defaulted
Under 30,Not Defaulted
Under 30,Not Defaulted
Under 30,Not Defaulted
Under 30,Not Defaulted
Under 30,Not Defaulted
Under 30,Not Defaulted
Under 30,Not Defaulted
Under 30,Not Defaulted
Under 30,Not Defaulted
Under 30,Not Defaulted
Under 30,Not Defaulted
Under 30,Not Defaulted
Under 30,Not Defaulted
Under 30,Not Defaulted
Under 30,Not Defaulted
Under 30,Not Defaulted
Under 30,Not Defaulted
Under 30,Not Defaulted
Under 30,Not Defaulted
Under 30,Not Defaulted
Under 30,Not Defaulted
Under 30,Not Defaulted
Under 30,Not Defaulted
Under 30,Not Defaulted
Under 30,Not Defaulted
30-50,Defaulted
30-50,Defaulted
30-50,Defaulted
30-50,Defaulted
30-50,Defaulted
30-50,Defaulted
30-50,Defaulted
30-50,Defaulted
30-50,Defaulted
30-50,Defaulted
30-50,Defaulted
30-50,Defaulted
30-50,Defaulted
30-50,Defaulted
30-50,Defaulted
30-50,Defaulted
30-50,Defaulted
30-50,Defaulted
30-50,Defaulted
30-50,Defaulted
30-50,Defaulted
30-50,Defaulted
30-50,Defaulted
30-50,Defaulted
30-50,Defaulted
30-50,Defaulted
30-50,Defaulted
30-50,Defaulted
30-50,Defaulted
30-50,Defaulted
30-50,Defaulted
30-50,Defaulted
30-50,Defaulted
30-50,Defaulted
30-50,Defaulted
30-50,Defaulted
30-50,Defaulted
30-50,Defaulted
30-50,Defaulted
30-50,Defaulted
30-50,Defaulted
30-50,Defaulted
30-50,Defaulted
30-50,Defaulted
30-50,Defaulted
30-50,Defaulted
30-50,Defaulted
30-50,Defaulted
30-50,Defaulted
30-50,Defaulted
30-50,Not Defaulted
30-50,Not Defaulted
30-50,Not Defaulted
30-50,Not Defaulted
30-50,Not Defaulted
30-50,Not Defaulted
30-50,Not Defaulted
30-50,Not Defaulted
30-50,Not Defaulted
30-50,Not Defaulted
30-50,Not Defaulted
30-50,Not Defaulted
30-50,Not Defaulted
30-50,Not Defaulted
30-50,Not Defaulted
30-50,Not Defaulted
30-50,Not Defaulted
30-50,Not Defaulted
30-50,Not Defaulted
30-50,Not Defaulted
30-50,Not Defaulted
30-50,Not Defaulted
30-50,Not Defaulted
30-50,Not Defaulted
30-50,Not Defaulted
30-50,Not Defaulted
30-50,Not Defaulted
30-50,Not Defaulted
30-50,Not Defaulted
30-50,Not Defaulted
30-50,Not Defaulted
30-50,Not Defaulted
30-50,Not Defaulted
30-50,Not Defaulted
30-50,Not Defaulted
30-50,Not Defaulted
30-50,Not Defaulted
30-50,Not Defaulted
30-50,Not Defaulted
30-50,Not Defaulted
30-50,Not Defaulted
30-50,Not Defaulted
30-50,Not Defaulted
30-50,Not Defaulted
30-50,Not Defaulted
30-50,Not Defaulted
30-50,Not Defaulted
30-50,Not Defaulted
30-50,Not Defaulted
30-50,Not Defaulted
30-50,Not Defaulted
30-50,Not Defaulted
30-50,Not Defaulted
30-50,Not Defaulted
30-50,Not Defaulted
30-50,Not Defaulted
30-50,Not Defaulted
30-50,Not Defaulted
30-50,Not Defaulted
30-50,Not Defaulted
30-50,Not Defaulted
30-50,Not Defaulted
30-50,Not Defaulted
30-50,Not Defaulted
30-50,Not Defaulted
30-50,Not Defaulted
30-50,Not Defaulted
30-50,Not Defaulted
30-50,Not Defaulted
30-50,Not Defaulted
30-50,Not Defaulted
30-50,Not Defaulted
30-50,Not Defaulted
30-50,Not Defaulted
30-50,Not Defaulted
30-50,Not Defaulted
30-50,Not Defaulted
30-50,Not Defaulted
30-50,Not Defaulted
30-50,Not Defaulted
30-50,Not Defaulted
30-50,Not Defaulted
30-50,Not Defaulted
30-50,Not Defaulted
30-50,Not Defaulted
30-50,Not Defaulted
30-50,Not Defaulted
30-50,Not Defaulted
30-50,Not Defaulted
30-50,Not Defaulted
30-50,Not Defaulted
30-50,Not Defaulted
30-50,Not Defaulted
30-50,Not Defaulted
30-50,Not Defaulted
30-50,Not Defaulted
30-50,Not Defaulted
30-50,Not Defaulted
30-50,Not Defaulted
30-50,Not Defaulted
30-50,Not Defaulted
30-50,Not Defaulted
30-50,Not Defaulted
30-50,Not Defaulted
30-50,Not Defaulted
30-50,Not Defaulted
30-50,Not Defaulted
30-50,Not Defaulted
30-50,Not Defaulted
30-50,Not Defaulted
30-50,Not Defaulted
30-50,Not Defaulted
30-50,Not Defaulted
30-50,Not Defaulted
30-50,Not Defaulted
30-50,Not Defaulted
30-50,Not Defaulted
30-50,Not Defaulted
30-50,Not Defaulted
30-50,Not Defaulted
30-50,Not Defaulted
30-50,Not Defaulted
30-50,Not Defaulted
30-50,Not Defaulted
30-50,Not Defaulted
30-50,Not Defaulted
30-50,Not Defaulted
30-50,Not Defaulted
30-50,Not Defaulted
30-50,Not Defaulted
30-50,Not Defaulted
30-50,Not Defaulted
30-50,Not Defaulted
30-50,Not Defaulted
30-50,Not Defaulted
30-50,Not Defaulted
30-50,Not Defaulted
30-50,Not Defaulted
30-50,Not Defaulted
30-50,Not Defaulted
30-50,Not Defaulted
30-50,Not Defaulted
30-50,Not Defaulted
30-50,Not Defaulted
30-50,Not Defaulted
30-50,Not Defaulted
30-50,Not Defaulted
30-50,Not Defaulted
30-50,Not Defaulted
30-50,Not Defaulted
30-50,Not Defaulted
30-50,Not Defaulted
30-50,Not Defaulted
30-50,Not Defaulted
30-50,Not Defaulted
30-50,Not Defaulted
30-50,Not Defaulted
30-50,Not Defaulted
30-50,Not Defaulted
30-50,Not Defaulted
30-50,Not Defaulted
30-50,Not Defaulted
30-50,Not Defaulted
30-50,Not Defaulted
30-50,Not Defaulted
30-50,Not Defaulted
30-50,Not Defaulted
30-50,Not Defaulted
30-50,Not Defaulted
30-50,Not Defaulted
30-50,Not Defaulted
30-50,Not Defaulted
30-50,Not Defaulted
30-50,Not Defaulted
30-50,Not Defaulted
30-50,Not Defaulted
30-50,Not Defaulted
30-50,Not Defaulted
30-50,Not Defaulted
30-50,Not Defaulted
30-50,Not Defaulted
30-50,Not Defaulted
30-50,Not Defaulted
30-50,Not Defaulted
30-50,Not Defaulted
30-50,Not Defaulted
30-50,Not Defaulted
30-50,Not Defaulted
30-50,Not Defaulted
30-50,Not Defaulted
30-50,Not Defaulted
30-50,Not Defaulted
30-50,Not Defaulted
30-50,Not Defaulted
30-50,Not Defaulted
30-50,Not Defaulted
30-50,Not Defaulted
30-50,Not Defaulted
30-50,Not Defaulted
30-50,Not Defaulted
Over 50,Defaulted
Over 50,Defaulted
Over 50,Defaulted
Over 50,Defaulted
Over 50,Defaulted
Over 50,Defaulted
Over 50,Defaulted
Over 50,Defaulted
Over 50,Defaulted
Over 50,Defaulted
Over 50,Defaulted
Over 50,Defaulted
Over 50,Defaulted
Over 50,Defaulted
Over 50,Defaulted
Over 50,Defaulted
Over 50,Defaulted
Over 50,Defaulted
Over 50,Defaulted
Over 50,Defaulted
Over 50,Not Defaulted
Over 50,Not Defaulted
Over 50,Not Defaulted
Over 50,Not Defaulted
Over 50,Not Defaulted
Over 50,Not Defaulted
Over 50,Not Defaulted
Over 50,Not Defaulted
Over 50,Not Defaulted
Over 50,Not Defaulted
Over 50,Not Defaulted
Over 50,Not Defaulted
Over 50,Not Defaulted
Over 50,Not Defaulted
Over 50,Not Defaulted
Over 50,Not Defaulted
Over 50,Not Defaulted
Over 50,Not Defaulted
Over 50,Not Defaulted
Over 50,Not Defaulted
Over 50,Not Defaulted
Over 50,Not Defaulted
Over 50,Not Defaulted
Over 50,Not Defaulted
Over 50,Not Defaulted
Over 50,Not Defaulted
Over 50,Not Defaulted
Over 50,Not Defaulted
Over 50,Not Defaulted
Over 50,Not Defaulted
Over 50,Not Defaulted
Over 50,Not Defaulted
Over 50,Not Defaulted
Over 50,Not Defaulted
Over 50,Not Defaulted
Over 50,Not Defaulted
Over 50,Not Defaulted
Over 50,Not Defaulted
Over 50,Not Defaulted
Over 50,Not Defaulted
Over 50,Not Defaulted
Over 50,Not Defaulted
Over 50,Not Defaulted
Over 50,Not Defaulted
Over 50,Not Defaulted
Over 50,Not Defaulted
Over 50,Not Defaulted
Over 50,Not Defaulted
Over 50,Not Defaulted
Over 50,Not Defaulted
Over 50,Not Defaulted
Over 50,Not Defaulted
Over 50,Not Defaulted
Over 50,Not Defaulted
Over 50,Not Defaulted
Over 50,Not Defaulted
Over 50,Not Defaulted
Over 50,Not Defaulted
Over 50,Not Defaulted
Over 50,Not Defaulted
Over 50,Not Defaulted
Over 50,Not Defaulted
Over 50,Not Defaulted
Over 50,Not Defaulted
Over 50,Not Defaulted
Over 50,Not Defaulted
Over 50,Not Defaulted
Over 50,Not Defaulted
Over 50,Not Defaulted
Over 50,Not Defaulted
Over 50,Not Defaulted
Over 50,Not Defaulted
Over 50,Not Defaulted
Over 50,Not Defaulted
Over 50,Not Defaulted
Over 50,Not Defaulted
Over 50,Not Defaulted
Over 50,Not Defaulted
Over 50,Not Defaulted
Over 50,Not Defaulted
Over 50,Not Defaulted
Over 50,Not Defaulted
Over 50,Not Defaulted
Over 50,Not Defaulted
Over 50,Not Defaulted
Over 50,Not Defaulted
Over 50,Not Defaulted
Over 50,Not Defaulted
Over 50,Not Defaulted
Over 50,Not Defaulted
Over 50,Not Defaulted
Over 50,Not Defaulted
Over 50,Not Defaulted
Over 50,Not Defaulted
Over 50,Not Defaulted
Over 50,Not Defaulted
Over 50,Not Defaulted
Over 50,Not Defaulted
Over 50,Not Defaulted
Over 50,Not Defaulted
